Orion IV, Mars, Merchant, 2995, pre-owned, 0.82, 617, 100.1, Orion IV, Mars, Merchant, 2995, pre-owned, 0.82, 617, 100.1, 1.31
bfCRhS6vyUBtl2lQjdH4JJQVErDsOaUgWObhRKisJUDktp4Uuzs, Mars, Merchant, 2995, pre-owned, 0.82, 617, 100.1,Orion IV, Mars, Merchant, 2995, pre-owned, 0.82, 617, 100.1, 1.31
Orion IV, bfCRhS6vyUBtl2lQjdH4JJQVErDsOaUgWObhRKisJUDktp4Uuzs, Merchant, 2995, pre-owned, 0.82, 617, 100.1, Orion IV, Mars, Merchant, 2995, pre-owned, 0.82, 617, 100.1, 1.31
Orion IV, Mars, Transport, 2995, pre-owned, 0.82, 617, 100.1, Orion IV, Mars, Transport, 2995, pre-owned, 0.82, 617, 100.1, 1.31
Orion IV, Mars, Military, 2995, pre-owned, 0.82, 617, 100.1, Orion IV, Mars, Military, 2995, pre-owned, 0.82, 617, 100.1, 1.31
Orion IV, Mars, Military, 2700, pre-owned, 0.82, 617, 100.1, Orion IV, Mars, Military, 2995, pre-owned, 0.82, 617, 100.1, 1.31
Orion IV, Mars, Military, 3000, pre-owned, 0.82, 617, 100.1, Orion IV, Mars, Military, 3000, pre-owned, 0.82, 617, 100.1, 1.64
Orion IV, Mars, Military, 3020, pre-owned, 0.82, 617, 100.1, Orion IV, Mars, Military, 3000, pre-owned, 0.82, 617, 100.1, 1.64
Orion IV, Mars, Military, 3000, new, 0.82, 617, 100.1, Orion IV, Mars, Military, 3000, new, 0.82, 617, 100.1, 3.28
Orion IV, Mars, Military, 3000, new, 0.0, 617, 100.1, Orion IV, Mars, Military, 3000, new, 0.82, 617, 100.1, 3.28
Orion IV, Mars, Military, 3000, new, 0.99, 617, 100.1, Orion IV, Mars, Military, 3000, new, 0.99, 617, 100.1, 3.96
Orion IV, Mars, Military, 3000, new, 1.0, 617, 100.1, Orion IV, Mars, Military, 3000, new, 0.99, 617, 100.1, 3.96
Orion IV, Mars, Military, 3000, new, 1.0, -10, 100.1, Orion IV, Mars, Military, 3000, new, 0.99, 617, 100.1, 3.96