Orion III, Mars, Merchant, 2995, true, 0.82, 617, 100.1, 1
bfCRhS6vyUBtl2lQjdH4JJQVErDsOaUgWObhRKisJUDktp4Uuz, Mars, Merchant, 2995, true, 0.82, 617, 100.1, 1
bfCRhS6vyUBtl2lQjdH4JJQVErDsOaUgWObhRKisJUDktp4Uuzs, Mars, Merchant, 2995, true, 0.82, 617, 100.1, 0
Orion III, bfCRhS6vyUBtl2lQjdH4JJQVErDsOaUgWObhRKisJUDktp4Uuz, Merchant, 2995, true, 0.82, 617, 100.1, 1
Orion III, bfCRhS6vyUBtl2lQjdH4JJQVErDsOaUgWObhRKisJUDktp4Usuz, Merchant, 2995, true, 0.82, 617, 100.1, 0
Orion III, Mars, Merchant, 2799, true, 0.82, 617, 100.1, 0
Orion III, Mars, Merchant, 2800, true, 0.82, 617, 100.1, 0
Orion III, Mars, Merchant, 3019, true, 0.82, 617, 100.1, 1
Orion III, Mars, Merchant, 3020, true, 0.82, 617, 100.1, 0
Orion III, Mars, Merchant, 2995, false, 0.0, 617, 100.1, 0
Orion III, Mars, Merchant, 2995, false, 0.1, 617, 100.1, 1
Orion III, Mars, Merchant, 2995, false, 0.99, 617, 100.1, 1
Orion III, Mars, Merchant, 2995, false, 1.0, 617, 100.1, 0
Orion III, Mars, Merchant, 2995, true, 0.82, 0, 100.1, 0
Orion III, Mars, Merchant, 2995, true, 0.82, 9999, 100.1, 1
Orion III, Mars, Merchant, 2995, true, 0.82, 10000, 100.1, 0
Orion III, Mars, Merchant, 2995, true, 0.82, 617, 0, 0
Orion III, Mars, Merchant, 2995, true, 0.82, 617, -1, 0