Orion, Mars, Any, 2995, 3000, Any, 0.82, 0.85, 1, 999, 0, 100, 1, 2000, 0
, , , , , , , , , , , , , , 10
Orion, , , , , , , , , , , , , , 1
, Mars, , , , , , , , , , , , , 1
, , Transport, , , , , , , , , , , , 4
, , Military, , , , , , , , , , , , 2
, , Merchant, , , , , , , , , , , , 4
, , Any, , , , , , , , , , , , 10
, , , 2995, , , , , , , , , , , 7
, , , , 3000, , , , , , , , , , 5
, , , , , Any, , , , , , , , , 10
, , , , , Pre-owned, , , , , , , , , 7
, , , , , New, , , , , , , , , 3
, , , , , , 0.82, , , , , , , , 2
, , , , , , , 0.85, , , , , , , 9
, , , , , , , , 100, , , , , , 10
, , , , , , , , , 999, , , , , 5
, , , , , , , , , , 100, , , , 0
, , , , , , , , , , , 100, , , 10
, , , , , , , , , , , , 0.5, , 10
, , , , , , , , , , , , , 1, 0
, Mars, Any, 2995, 3000, Any, 0.82, 0.85, 1, 999, 0, 100, 1, 2000, 0
Orion, , Any, 2995, 3000, Any, 0.82, 0.85, 1, 999, 0, 100, 1, 2000, 0
Orion, Mars, Military, , 3000, Any, 0.82, 0.85, 1, 999, 0, 100, 1, 2000, 0
Orion, Mars, Any, 2995, , Any, 0.82, 0.85, 1, 999, 0, 100, 1, 2000, 0
Orion, Mars, Any, 2995, 3000, New, 0.82, 0.85, 1, 999, 0, 100, 1, 2000, 0
Orion, Mars, Any, 2995, 3000, Any, , 0.85, 1, 999, 0, 100, 1, 2000, 0
Orion, Mars, Any, 2995, 3000, Any, 0.82, , 1, 999, 0, 100, 1, 2000, 0
Orion, Mars, Any, 2995, 3000, Any, 0.82, 0.85, , 999, 0, 100, 1, 2000, 0
Orion, Mars, Any, 2995, 3000, Any, 0.82, 0.85, 1, , 0, 100, 1, 2000, 0
Orion, Mars, Any, 2995, 3000, Any, 0.82, 0.85, 1, 999, , 100, 1, 2000, 0
Orion, Mars, Any, 2995, 3000, Any, 0.82, 0.85, 1, 999, 0, , 1, 2000, 0
Orion, Mars, Any, 2995, 3000, Any, 0.82, 0.85, 1, 999, 0, 100, , 2000, 0
Orion, Mars, Any, 2995, 3000, Any, 0.82, 0.85, 1, 999, 0, 100, 1, , 0
a, Mars, Any, 2995, 3000, Any, 0.82, 0.85, 1, 999, 0, 100, 1, 2000, 0
Orion, a, Any, 2995, 3000, Any, 0.82, 0.85, 1, 999, 0, 100, 1, 2000, 0